{"cameraMode":{"drawMode":0,"name":"Shaded","section":"Shading Mode"},"sceneLighting":false,"audioPlay":false,"sceneViewState":{"showFog":true,"showMaterialUpdate":false,"showSkybox":true,"showFlares":true,"showImageEffects":true,"showParticleSystems":true},"in2DMode":false,"pivot":{"x":-0.0003643929958343506,"y":0.03278748691082001,"z":0.026912691071629525},"rotation":{"x":-0.06132083386182785,"y":0.9325923323631287,"z":-0.1903182715177536,"w":-0.3004835247993469},"size":0.27037087082862856,"orthographic":false}