{"cameraMode":{"drawMode":0,"name":"Shaded","section":"Shading Mode"},"sceneLighting":true,"audioPlay":false,"sceneViewState":{"showFog":true,"showMaterialUpdate":false,"showSkybox":true,"showFlares":true,"showImageEffects":true,"showParticleSystems":true},"in2DMode":false,"pivot":{"x":5.8111724853515629,"y":-1.08203125,"z":4.08984375},"rotation":{"x":0.13940058648586274,"y":0.14121784269809724,"z":-0.020090360194444658,"w":0.9799088835716248},"size":11.71474838256836,"orthographic":true}